A6140L10	1	0	0	0	0	CC	GG
A6140L18	1	0	0	0	0	CC	GG
A6140L19	1	0	0	0	0	CC	GG
A6140L23	1	0	0	0	0	CC	GG
A6140L26	1	0	0	0	0	CC	GG
A6140L28	1	0	0	0	0	CC	GG
A6140L38	1	0	0	0	0	CC	GG
A6140L48	1	0	0	0	0	CC	GG
A6140L49	1	0	0	0	0	CC	GG
A6140L50	1	0	0	0	0	CC	TT
A6140L52	1	0	0	0	0	CC	GG
A6140L56	1	0	0	0	0	CC	GG
A6140L60	1	0	0	0	0	GG	GG
A6140L80	1	0	0	0	0	CC	GG
A6140L82	1	0	0	0	0	CC	GG
A6140L101	1	0	0	0	0	CC	GG
A6140L106	1	0	0	0	0	CC	GG
A6140L107	1	0	0	0	0	CC	GG
A6140L110	1	0	0	0	0	CC	GG
A6140L113	1	0	0	0	0	CC	GG
A6140L120	1	0	0	0	0	CC	GG
A6140L123	1	0	0	0	0	CC	GG
A6140L124	1	0	0	0	0	CC	GG
A6140L125	1	0	0	0	0	CC	GG
A6140L126	1	0	0	0	0	GG	GG
A6140L133	1	0	0	0	0	CC	GG
A6140L134	1	0	0	0	0	CC	GG
A6140L135	1	0	0	0	0	CC	GG
A6140L137	1	0	0	0	0	CC	GG
A6140L142	1	0	0	0	0	CC	GG
A6140L153	1	0	0	0	0	CC	GG
A6140L155	1	0	0	0	0	CC	GG
A6140L156	1	0	0	0	0	CC	GG
A6140L157	1	0	0	0	0	CC	GG
A6140L158	1	0	0	0	0	CC	GG
A6140L168	1	0	0	0	0	CC	GG
A6140L169	1	0	0	0	0	CC	GG
A6140L175	1	0	0	0	0	CC	GG
A6140L176	1	0	0	0	0	CC	GG
A6140L181	1	0	0	0	0	CC	GG
A6140L182	1	0	0	0	0	CC	GG
A6140L183	1	0	0	0	0	CC	GG
A6140L184	1	0	0	0	0	CC	GG
A6140L185	1	0	0	0	0	CC	GG
A6140L188	1	0	0	0	0	CC	TT
A6140L190	1	0	0	0	0	CC	GG
A6140L192	1	0	0	0	0	CC	GG
A6140L200	1	0	0	0	0	CC	GG
A6140L201	1	0	0	0	0	CC	GG
A6140L203	1	0	0	0	0	CC	GG
A6140L205	1	0	0	0	0	CC	GG
A6140L211	1	0	0	0	0	CC	GG
GA150L51	1	0	0	0	0	CC	GG
GA150L52	1	0	0	0	0	CC	GG
GA150L53	1	0	0	0	0	CC	GG
GA150L54	1	0	0	0	0	CC	GG
GA150L55	1	0	0	0	0	CC	GG
GA150L57	1	0	0	0	0	CC	GG
GA150L58	1	0	0	0	0	CC	GG
GA150L59	1	0	0	0	0	CC	GG
GA150L60	1	0	0	0	0	CC	GG
GA150L61	1	0	0	0	0	CC	GG
GA250L51	1	0	0	0	0	CC	GG
GA250L52	1	0	0	0	0	CC	GG
GA250L53	1	0	0	0	0	CC	GG
GA250L54	1	0	0	0	0	CC	GG
GA250L56	1	0	0	0	0	CC	GG
GA250L57	1	0	0	0	0	CC	GG
GA250L59	1	0	0	0	0	CC	GG
GA250L60	1	0	0	0	0	CC	GG
GA250L61	1	0	0	0	0	CC	GG
GA450L31	1	0	0	0	0	CC	GG
GA450L33	1	0	0	0	0	CC	GG
GA450L34	1	0	0	0	0	CC	TT
GA450L36	1	0	0	0	0	CC	GG
GA450L37	1	0	0	0	0	CC	GG
GA450L38	1	0	0	0	0	CC	GG
GA450L39	1	0	0	0	0	CC	GG
GA450L40	1	0	0	0	0	CC	GG
GA450L41	1	0	0	0	0	CC	TT
GA450L42	1	0	0	0	0	CC	GG
